{"cameraMode":{"drawMode":0,"name":"Shaded","section":"Shading Mode"},"sceneLighting":false,"audioPlay":false,"sceneViewState":{"m_AlwaysRefresh":false,"showFog":true,"showSkybox":false,"showFlares":true,"showImageEffects":true,"showParticleSystems":true,"showVisualEffectGraphs":true,"m_FxEnabled":true},"in2DMode":false,"pivot":{"x":-1.5088413953781129,"y":0.2600245177745819,"z":-2.014008045196533},"rotation":{"x":0.020099110901355745,"y":-0.28406453132629397,"z":-0.004968599881976843,"w":-0.9581325650215149},"size":0.34718525409698489,"orthographic":false}