{"cameraMode":{"drawMode":0,"name":"Shaded","section":"Shading Mode"},"sceneLighting":false,"audioPlay":false,"sceneViewState":{"m_AlwaysRefresh":false,"showFog":false,"showSkybox":false,"showFlares":false,"showImageEffects":false,"showParticleSystems":false,"showVisualEffectGraphs":true,"m_FxEnabled":true},"in2DMode":false,"pivot":{"x":0.0006028413772583008,"y":1.3385460376739503,"z":0.013827264308929444},"rotation":{"x":-0.022733651101589204,"y":0.4307410418987274,"z":0.01084133144468069,"w":0.9020553231239319},"size":1.7945822477340699,"orthographic":false}