{"cameraMode":{"drawMode":0,"name":"Shaded","section":"Shading Mode"},"sceneLighting":false,"audioPlay":false,"sceneViewState":{"m_AlwaysRefresh":false,"showFog":true,"showSkybox":false,"showFlares":true,"showImageEffects":true,"showParticleSystems":true,"showVisualEffectGraphs":true,"m_FxEnabled":true},"in2DMode":false,"pivot":{"x":0.05184011161327362,"y":-0.009987473487854004,"z":-2.2351741790771486e-8},"rotation":{"x":0.014552155509591103,"y":-0.978675901889801,"z":0.07073687016963959,"w":0.19009512662887574},"size":0.3471764922142029,"orthographic":false}