{"cameraMode":{"drawMode":0,"name":"Shaded","section":"Shading Mode"},"sceneLighting":false,"audioPlay":false,"sceneViewState":{"m_AlwaysRefresh":false,"showFog":false,"showSkybox":false,"showFlares":false,"showImageEffects":false,"showParticleSystems":false,"showVisualEffectGraphs":true,"m_FxEnabled":true},"in2DMode":false,"pivot":{"x":-0.18741391599178315,"y":1.1153695583343506,"z":-0.5949828624725342},"rotation":{"x":0.00032014085445553064,"y":-0.9995468258857727,"z":-0.004195000510662794,"w":0.012217539362609387},"size":1.5007754564285279,"orthographic":false}