{"cameraMode":{"drawMode":0,"name":"Shaded","section":"Shading Mode"},"sceneLighting":false,"audioPlay":false,"sceneViewState":{"m_AlwaysRefresh":false,"showFog":false,"showSkybox":false,"showFlares":false,"showImageEffects":false,"showParticleSystems":false,"showVisualEffectGraphs":true,"m_FxEnabled":true},"in2DMode":false,"pivot":{"x":-0.11699102818965912,"y":0.8872775435447693,"z":-0.3623043894767761},"rotation":{"x":0.0000871376323630102,"y":-0.9990696310997009,"z":0.013811961747705937,"w":-0.03126918897032738},"size":2.1566314697265627,"orthographic":false}