{"cameraMode":{"drawMode":0,"name":"Shaded","section":"Shading Mode"},"sceneLighting":true,"audioPlay":false,"sceneViewState":{"m_AlwaysRefresh":false,"showFog":true,"showSkybox":true,"showFlares":true,"showImageEffects":true,"showParticleSystems":true,"showVisualEffectGraphs":true,"m_FxEnabled":true},"in2DMode":false,"pivot":{"x":536.3516845703125,"y":7.822361946105957,"z":740.5030517578125},"rotation":{"x":-0.0037104799412190916,"y":-0.9913061261177063,"z":0.11991164833307266,"w":-0.04374498873949051},"size":1.4820581674575806,"orthographic":false}