{"cameraMode":{"drawMode":0,"name":"Shaded","section":"Shading Mode"},"sceneLighting":true,"audioPlay":false,"sceneViewState":{"m_AlwaysRefresh":false,"showFog":true,"showSkybox":true,"showFlares":true,"showImageEffects":true,"showParticleSystems":true,"showVisualEffectGraphs":true,"m_FxEnabled":true},"in2DMode":false,"pivot":{"x":542.4019775390625,"y":0.24626170098781587,"z":699.5452270507813},"rotation":{"x":-0.018868036568164827,"y":-0.9227092266082764,"z":0.04767214506864548,"w":-0.38104474544525149},"size":15.789063453674317,"orthographic":false}