{"cameraMode":{"drawMode":0,"name":"Shaded","section":"Shading Mode"},"sceneLighting":true,"audioPlay":false,"sceneViewState":{"m_AlwaysRefresh":false,"showFog":true,"showSkybox":true,"showFlares":true,"showImageEffects":true,"showParticleSystems":true,"showVisualEffectGraphs":true,"m_FxEnabled":true},"in2DMode":false,"pivot":{"x":531.0177001953125,"y":-4.487194538116455,"z":762.511474609375},"rotation":{"x":0.09955789893865586,"y":0.14115194976329804,"z":-0.014479022473096848,"w":0.9845383763313294},"size":21.785512924194337,"orthographic":false}