{"cameraMode":{"drawMode":0,"name":"Shaded","section":"Shading Mode"},"sceneLighting":true,"audioPlay":false,"sceneViewState":{"m_AlwaysRefresh":false,"showFog":true,"showSkybox":true,"showFlares":true,"showImageEffects":true,"showParticleSystems":true,"showVisualEffectGraphs":true,"m_FxEnabled":true},"in2DMode":false,"pivot":{"x":550.1112670898438,"y":0.3897733986377716,"z":704.1513061523438},"rotation":{"x":-0.017270151525735856,"y":-0.8560177683830261,"z":0.030206598341464998,"w":-0.5150080919265747},"size":15.789063453674317,"orthographic":false}