{"cameraMode":{"drawMode":0,"name":"Shaded","section":"Shading Mode"},"sceneLighting":true,"audioPlay":false,"sceneViewState":{"m_AlwaysRefresh":false,"showFog":true,"showSkybox":true,"showFlares":true,"showImageEffects":true,"showParticleSystems":true,"showVisualEffectGraphs":true,"m_FxEnabled":true},"in2DMode":false,"pivot":{"x":528.1634521484375,"y":243.73031616210938,"z":-764.0211181640625},"rotation":{"x":0.0017078089294955135,"y":-0.9994701147079468,"z":0.006296674720942974,"w":0.0055762287229299549},"size":632.2926635742188,"orthographic":false}